Player,Marketvalue,Age,Weeklysalary,Position,TEAM,Teampoint,Championsleague,Games,Gamestarted,Minutes,Goals,Assists,ShotsonGoal,Shots,YellowCards,RedCards,Foulsuffered,Foulscommitted,Offsides,Crosses,CornerKicks,PenaltyGoal,Penaltykicks
Aaron Ramsey,4500,27,120000,M,arsenal,70,0,28,14,816,4,6,14,35,0,0,16,13,3,27,0,0,0
Ainsley Maitland-Niles,700,,35000,M,arsenal,70,0,16,11,951,1,1,3,5,1,0,11,6,1,27,0,0,0
Alex Iwobi,1500,22,50000,F,arsenal,70,0,35,22,1646,3,6,14,34,0,0,12,5,2,90,1,0,0
Alexandre Lacazette,6000,27,182063,F,arsenal,70,0,35,27,1880,13,8,32,83,2,0,38,33,22,44,0,0,0
Bernd Leno,,26,100000,G,arsenal,70,0,32,31,2610,0,0,0,0,0,0,4,0,0,1,0,0,0
Bukayo Saka,,17,,F,arsenal,70,0,1,0,7,0,0,0,0,0,0,0,0,0,0,0,0,0
Carl Jenkinson,350,26,45000,D,arsenal,70,0,3,2,165,0,0,0,0,0,0,0,1,0,5,0,0,0
Danny Welbeck,1500,27,125000,F,arsenal,70,0,8,1,31,1,1,2,4,0,0,0,1,1,4,0,0,0
Denis Suarez,1500,,,M,arsenal,70,0,4,0,67,0,0,0,0,0,0,1,0,0,0,0,0,0
Eddie Nketiah,,,,F,arsenal,70,0,5,0,62,1,0,1,3,0,0,2,0,2,1,0,0,0
Granit Xhaka,4000,25,100000,M,arsenal,70,0,29,29,1756,4,2,13,30,10,0,38,29,1,134,98,0,0
Hector Bellerin,4000,23,110000,D,arsenal,70,0,19,18,723,0,5,4,18,3,0,2,7,1,56,0,0,0
Henrikh Mkhitaryan,3500,29,180000,M,arsenal,70,0,25,19,1201,6,4,15,50,1,0,10,21,4,82,48,0,0
Joe Willock,,,,M,arsenal,70,0,2,1,64,0,0,0,2,0,0,1,0,0,0,0,0,0
Konstantinos Mavropanos,300,20,25000,D,arsenal,70,0,4,3,149,0,0,0,2,1,0,0,2,0,0,0,0,0
Laurent Koscielny,1500,32,90000,D,arsenal,70,0,17,13,1330,3,0,4,5,1,0,16,11,0,1,0,0,0
Lucas Torreira,3000,22,75000,M,arsenal,70,0,34,24,1856,2,2,6,26,7,1,57,28,0,35,18,0,0
Matteo Guendouzi,300,19,40000,M,arsenal,70,0,33,23,1751,0,0,4,17,9,0,50,22,0,26,2,0,0
Mesut Ozil,5000,29,350000,M,arsenal,70,0,24,20,1149,5,2,7,11,2,0,15,10,11,78,37,0,0
Mohamed Elneny,1000,26,50000,M,arsenal,70,0,8,5,379,0,0,0,7,0,0,0,1,1,3,0,0,0
Nacho Monreal,1300,32,70000,D,arsenal,70,0,22,21,1231,1,3,4,6,5,0,11,9,1,36,0,0,0
Petr Cech,300,36,110000,G,arsenal,70,0,7,7,585,0,0,0,0,0,0,0,0,0,0,0,0,0
Pierre-Emerick Aubameyang,7500,29,200000,F,arsenal,70,0,36,30,2116,22,4,39,94,0,0,14,11,22,70,1,4,1
Rob Holding,700,22,25000,D,arsenal,70,0,10,9,486,0,0,0,2,1,0,2,3,0,1,0,0,0
Sead Kolasinac,1800,25,100000,D,arsenal,70,0,24,22,1891,0,5,2,9,5,0,11,19,10,88,4,0,0
Shkodran Mustafi,,33,30000,D,arsenal,70,0,31,31,1805,2,0,10,18,9,0,7,31,5,14,0,0,0
Sokratis,,30,92000,D,arsenal,70,0,25,25,1710,1,2,2,10,12,0,19,30,0,2,0,0,0
Stephan Lichtsteiner,150,34,75000,D,arsenal,70,0,14,10,824,0,0,0,1,3,0,7,8,1,37,0,0,0
Adam Smith,500,27,35000,D,bournemouth,45,0,25,25,1314,1,1,1,9,5,1,30,12,0,30,6,0,0
Andrew Surman,250,32,35000,M,bournemouth,45,0,18,16,1080,0,0,1,9,2,0,4,3,0,6,1,0,0
Artur Boruc,100,38,40000,G,bournemouth,45,0,12,12,1080,0,0,0,0,2,0,0,0,0,0,0,0,0
Asmir Begovic,800,31,70000,G,bournemouth,45,0,24,24,1350,0,0,0,0,0,0,3,0,0,1,0,0,0
Callum Wilson,1000,26,40000,F,bournemouth,45,0,30,29,1747,14,9,29,69,3,0,19,24,18,36,2,1,0
Charlie Daniels,350,31,35000,D,bournemouth,45,0,21,17,1313,1,0,3,12,4,0,7,4,0,44,3,0,0
Chris Mepham,350,20,11673,D,bournemouth,45,0,13,10,848,0,1,0,2,1,0,4,7,0,1,0,0,0
Dan Gosling,350,28,35000,M,bournemouth,45,0,25,19,1231,2,1,8,21,8,0,18,19,2,8,1,0,0
David Brooks,500,21,20000,M,bournemouth,45,0,30,29,1725,7,5,23,42,3,0,32,10,2,50,16,0,0
Diego Rico,250,25,19250,D,bournemouth,45,0,12,5,380,0,0,0,9,1,0,7,8,0,45,9,0,0
Dominic Solanke,1000,20,25000,F,bournemouth,45,0,10,2,340,0,1,3,10,0,0,9,2,1,3,0,0,0
Emerson Hyndman,100,22,15000,M,bournemouth,45,0,1,0,37,0,0,0,0,0,0,0,0,0,0,0,0,0
Jack Simpson,,21,3000,D,bournemouth,45,0,6,4,402,0,0,1,2,0,0,1,3,0,0,0,0,0
Jefferson Lerma,200,23,50000,M,bournemouth,45,0,30,29,1985,2,0,8,31,12,0,38,34,3,11,0,0,0
Jermain Defoe,250,35,65000,F,bournemouth,45,0,4,0,9,0,0,0,0,0,0,0,0,0,2,0,0,0
Jordon Ibe,900,22,38000,M,bournemouth,45,0,19,9,747,1,1,3,9,1,0,8,7,0,34,5,0,0
Joshua King,1000,26,45000,F,bournemouth,45,0,35,34,2190,12,3,24,69,3,0,33,41,9,72,2,2,2
Junior Stanislas,450,28,35000,M,bournemouth,45,0,23,11,944,2,3,9,32,1,0,10,6,3,52,23,0,0
Lewis Cook,2000,21,35000,M,bournemouth,45,0,13,8,435,0,0,0,4,2,0,4,10,0,12,1,0,0
Lys Mousset,400,22,20000,F,bournemouth,45,0,24,1,330,1,0,7,12,1,0,5,7,4,4,0,0,0
Mark Travers,,19,,G,bournemouth,45,0,2,2,180,0,0,0,0,0,0,0,0,0,0,0,0,0
Nathan Ake,1500,23,40000,D,bournemouth,45,0,38,38,2602,4,0,7,22,3,0,15,24,2,8,0,0,0
Ryan Fraser,600,24,27000,M,bournemouth,45,0,38,35,2400,7,14,27,50,2,0,51,6,10,315,119,0,0
Sam Surridge,,,,F,bournemouth,45,0,2,0,11,0,0,1,1,0,0,1,0,0,0,1,0,0
Simon Francis,250,33,30000,D,bournemouth,45,0,17,13,765,0,2,1,3,1,0,7,3,3,38,1,0,0
Steve Cook,700,27,45000,D,bournemouth,45,0,31,31,1977,1,0,9,21,3,0,20,13,1,11,0,0,0
Tyrone Mings,400,25,13750,D,bournemouth,45,0,5,2,141,0,0,0,0,0,0,1,0,0,2,0,0,0
Alireza Jahanbakhsh,1200,25,50000,F,brighton,36,0,19,12,763,0,0,7,22,2,0,5,11,6,28,5,0,0
Anthony Knockaert,800,26,35000,M,brighton,36,0,30,18,1153,2,6,11,29,4,1,12,16,4,123,46,0,0
Beram Kayal,150,30,25000,M,brighton,36,0,18,9,596,1,1,2,5,4,0,4,10,0,12,2,0,0
Bernardo Fernandes da Silva Junior,600,23,25000,D,brighton,36,0,22,19,1638,0,1,3,9,4,0,28,15,2,36,0,0,0
Bruno Saltor Grau,75,36,30000,D,brighton,36,0,14,14,952,0,1,0,2,2,0,7,4,3,17,0,0,0
Dale Stephens,600,28,30000,M,brighton,36,0,30,29,1927,1,1,1,13,6,1,8,31,0,16,2,0,0
David Button,150,29,16026,G,brighton,36,0,4,4,360,0,0,0,0,0,0,0,0,0,0,0,0,0
Davy Propper,1500,26,45000,M,brighton,36,0,30,30,1857,1,1,2,12,2,0,11,23,0,32,5,0,0
Florin Andone,600,25,40000,F,brighton,36,0,23,8,874,3,0,8,19,5,0,18,27,5,12,0,0,0
Gaetan Bong,150,30,20000,D,brighton,36,0,22,19,1021,0,0,0,2,0,0,2,7,0,62,0,0,0
Glenn Murray,300,34,30000,F,brighton,36,0,38,30,1850,13,1,23,54,5,0,37,52,37,16,0,2,0
Jose Izquierdo,1400,26,45000,F,brighton,36,0,15,9,688,0,0,3,14,1,0,5,5,5,8,0,0,0
Jurgen Locadia,1500,24,45000,F,brighton,36,0,26,12,1021,2,0,10,27,1,0,7,14,11,19,0,0,0
Leon Balogun,,30,18269,D,brighton,36,0,8,5,431,1,0,1,2,2,0,2,4,1,3,0,0,0
Lewis Dunk,1000,26,45000,D,brighton,36,0,36,36,2502,2,1,4,21,5,0,10,18,0,4,0,0,0
Martin Montoya,800,27,50000,D,brighton,36,0,25,24,1626,0,1,2,7,4,0,9,19,0,41,0,0,0
Mathew Ryan,800,26,35000,G,brighton,36,0,34,34,2250,0,0,0,0,2,0,1,1,0,1,0,0,0
Pascal Gross,1000,27,50000,M,brighton,36,0,25,24,1656,3,3,9,22,1,0,9,14,4,159,55,0,0
Shane Duffy,1200,31,60000,D,brighton,36,0,35,35,2278,5,1,16,37,4,1,6,15,4,4,0,0,0
Solly March,500,24,30000,M,brighton,36,0,35,30,1745,1,5,10,43,1,0,23,19,7,160,38,0,0
Yves Bissouma,800,21,25000,M,brighton,36,0,28,17,1364,0,0,3,30,5,0,19,30,2,13,3,0,0
Aaron Lennon,500,31,35000,M,burnley,40,0,16,14,427,1,1,2,4,1,0,1,1,1,0,0,0,0
Ashley Barnes,800,28,40000,F,burnley,40,0,37,26,2161,12,2,30,64,8,0,12,2,8,0,0,0,0
Ashley Westwood,400,28,31000,M,burnley,40,0,34,31,2177,2,7,7,24,5,0,2,7,5,0,45,0,0
Ben Gibson,400,25,40000,D,burnley,40,0,1,1,62,1,0,1,1,1,0,1,0,1,0,0,0,0
Ben Mee,1000,28,55000,D,burnley,40,0,38,38,2610,0,2,4,22,9,0,0,2,9,0,0,0,0
Charlie Taylor,500,24,25000,D,burnley,40,0,38,35,2610,0,1,0,6,2,0,0,1,2,0,6,2,0
Chris Wood,1800,26,50000,F,burnley,40,0,38,29,2190,10,2,26,61,2,0,10,2,2,0,0,0,0
Dwight McNeil,,18,,F,burnley,40,0,21,19,1519,3,5,9,29,2,0,3,5,2,0,0,0,0
Jack Cork,1500,29,38000,M,burnley,40,0,37,37,2503,1,2,2,18,6,0,1,2,6,0,0,0,0
James Tarkowski,1500,25,50000,D,burnley,40,0,35,35,2340,3,1,9,18,8,0,3,1,8,0,1,0,0
Jeff Hendrick,1000,26,35000,M,burnley,40,0,32,25,1588,3,0,5,19,4,0,3,0,4,0,2,0,0
Joe Hart,1000,31,45000,G,burnley,40,0,19,19,900,0,0,0,0,0,0,0,0,0,0,1,0,0
Johann Gudmundsson,1000,27,30000,M,burnley,40,0,29,19,1103,3,6,9,32,2,0,3,6,2,0,20,0,0
Kevin Long,250,28,23077,D,burnley,40,0,6,5,450,0,1,0,1,0,0,0,1,0,0,0,0,0
Matej Vydra,800,26,35000,M,burnley,40,0,13,3,139,1,1,2,5,1,0,1,1,1,0,1,0,0
Matthew Lowton,500,29,25000,D,burnley,40,0,21,19,1118,0,0,0,3,7,0,0,0,7,0,38,0,0
Peter Crouch,100,37,40000,F,burnley,40,0,6,0,85,0,0,1,4,1,0,0,0,1,0,0,0,0
Phil Bardsley,150,33,25000,D,burnley,40,0,19,19,1492,0,0,1,12,9,0,0,0,9,0,3,0,0
Robbie Brady,1000,26,35000,M,burnley,40,0,16,6,716,0,1,2,13,3,1,0,1,3,1,0,0,0
Sam Vokes,600,28,25000,F,burnley,40,0,20,10,432,3,0,7,21,0,0,3,0,0,0,19,0,0
Stephen Ward,300,33,28000,D,burnley,40,0,3,3,230,0,0,1,1,1,0,0,0,1,0,0,0,0
Steven Defour,700,30,45000,M,burnley,40,0,6,6,378,0,0,0,0,0,0,0,0,0,0,4,0,0
Tom Heaton,400,32,42308,G,burnley,40,0,19,19,1710,0,0,0,1,3,0,0,0,3,0,0,0,0
Aron Gunnarsson,250,29,24038,M,cardiff,34,0,28,27,2196,1,1,4,19,5,0,25,24,0,20,1,0,0
Bobby Reid,300,26,30000,M,cardiff,34,0,27,16,960,5,2,9,28,0,0,14,2,11,13,0,1,0
Bruno Ecuele,300,30,29519,D,cardiff,34,0,38,37,2565,0,1,3,10,0,0,12,10,1,26,0,0,0
Callum Paterson,100,24,22500,D,cardiff,34,0,27,21,1570,4,1,8,39,4,0,21,33,10,26,0,0,0
Danny Ward,175,25,20000,F,cardiff,34,0,14,4,131,1,0,6,11,0,0,2,1,2,5,0,0,0
Gary Madine,500,29,12000,F,cardiff,34,0,5,0,5,0,0,0,0,0,0,0,1,0,0,0,0,0
Gregory Cunningham,150,28,18981,D,cardiff,34,0,7,7,450,0,0,1,2,3,0,11,5,0,7,0,0,0
Harry Arter,700,29,40000,M,cardiff,34,0,25,24,1336,0,1,4,22,10,0,13,17,2,20,2,0,0
Jazz Richards,75,27,12981,D,cardiff,34,0,4,0,32,0,0,0,0,0,0,1,0,0,0,0,0,0
Joe Bennett,125,29,19519,D,cardiff,34,0,30,30,2011,0,1,3,10,5,0,25,16,1,54,2,0,0
Joe Ralls,150,25,24519,M,cardiff,34,0,28,22,1282,0,0,2,20,4,1,8,19,1,96,48,0,1
Josh Murphy,150,24,25000,M,cardiff,34,0,29,22,1350,3,2,15,47,2,0,35,10,9,75,11,0,0
Junior Hoilett,350,29,28000,F,cardiff,34,0,32,23,1636,3,1,12,41,4,0,30,27,8,90,26,0,0
Kadeem Harris,35,25,12019,M,cardiff,34,0,13,3,347,1,0,3,5,1,0,5,3,1,13,1,0,0
Kenneth Zohore,800,25,16500,F,cardiff,34,0,19,7,493,1,1,6,16,1,0,15,4,4,14,0,0,0
Leandro Bacuna,200,,,M,cardiff,34,0,11,4,556,0,0,1,4,2,0,3,13,0,6,1,0,0
Lee Peltier,150,32,18990,D,cardiff,34,0,20,17,1401,0,0,1,1,4,0,5,13,0,9,0,0,0
Loic Damour,,27,9519,M,cardiff,34,0,2,0,17,0,0,0,1,0,0,0,0,0,0,0,0,0
Nathanie Mendez-Laing,100,27,18494,M,cardiff,34,0,20,11,900,4,1,10,19,0,0,3,7,3,42,2,1,0
Neil Etheridge,800,29,19519,G,cardiff,34,0,38,38,2610,0,0,0,0,2,0,3,0,0,0,0,0,0
Rhys Healey,,25,3000,F,cardiff,34,0,3,0,49,0,0,0,1,0,0,2,1,0,2,0,0,0
Sean Morrison,500,28,25000,D,cardiff,34,0,34,34,2230,1,3,10,35,6,0,13,23,10,5,1,0,0
Sol Bamba,100,34,14000,D,cardiff,34,0,28,28,1755,4,1,7,22,7,0,12,24,3,3,0,0,0
Victor Camarasa,600,24,16154,M,cardiff,34,0,32,31,1888,5,3,12,42,6,0,23,15,1,136,73,1,0
Alvaro Morata,6500,26,100000,F,chelsea,72,0,16,11,501,5,0,16,35,3,0,8,11,19,8,0,0,0
Andreas Christensen,4000,22,80000,D,chelsea,72,0,8,6,615,0,0,0,0,1,0,4,8,0,0,0,0,0
Antonio Rudiger,4000,25,100000,D,chelsea,72,0,33,33,2085,1,0,7,25,7,0,13,22,1,4,0,0,0
Callum Hudson Odoi,,17,2500,M,chelsea,72,0,10,4,391,0,1,4,6,0,0,6,1,3,25,3,0,0
Cesar Azpilicueta,4000,29,90000,D,chelsea,72,0,38,38,2593,1,5,7,17,4,0,14,30,2,144,0,0,0
Cesc Fabregas,3000,31,156000,M,chelsea,72,0,6,1,175,0,0,0,1,1,0,3,1,0,5,2,0,0
David Luiz,2500,31,120000,D,chelsea,72,0,36,36,2429,3,2,8,33,3,0,24,27,0,11,0,0,0
Davide Zappacosta,2000,26,70000,D,chelsea,72,0,4,1,119,0,0,1,2,0,0,1,2,0,1,1,0,0
Eden Hazard,11100,27,225000,F,chelsea,72,0,37,32,2259,16,15,43,93,2,0,77,12,12,184,88,2,0
Emerson Palmieri,2000,25,42000,D,chelsea,72,0,10,7,660,0,0,1,4,0,0,6,8,0,33,0,0,0
Gary Cahill,1500,32,100000,D,chelsea,72,0,2,0,1,0,0,0,0,0,0,0,0,0,0,0,0,0
Gonzalo Higuain,6000,30,270000,F,chelsea,72,0,14,13,1092,5,0,15,47,0,0,2,6,11,8,0,0,0
Jorge Luiz Frello Filho,5000,26,110000,M,chelsea,72,0,37,37,2355,2,0,8,20,8,0,20,30,0,21,1,0,0
Kepa Arrizabalaga,2000,23,150000,G,chelsea,72,0,36,36,2430,0,0,0,0,2,0,2,0,0,0,0,0,0
Marcos Alonso,4000,27,100000,D,chelsea,72,0,31,31,1951,2,4,7,43,6,0,24,22,2,111,0,0,0
Mateo Kovacic,3000,24,75000,M,chelsea,72,0,32,21,1268,0,2,4,28,3,0,23,12,0,16,1,0,0
N'Golo Kante,6000,27,150000,M,chelsea,72,0,36,36,2285,4,4,6,30,3,0,12,28,6,36,0,0,0
Olivier Giroud,1800,31,120000,F,chelsea,72,0,27,7,464,2,4,11,31,1,0,3,3,6,0,0,0,0
Pedro,2500,31,100000,M,chelsea,72,0,31,21,1416,8,2,26,56,2,0,20,13,8,77,8,0,0
Ross Barkley,2500,24,100000,M,chelsea,72,0,27,13,940,3,5,7,40,1,0,19,6,0,14,2,0,0
Ruben Loftus-Cheek,1500,22,35000,M,chelsea,72,0,24,6,949,6,1,8,27,0,0,23,10,2,8,3,0,0
Willian,3200,30,120000,F,chelsea,72,0,32,26,1552,3,6,22,63,2,0,22,7,11,199,106,0,0
Willy Caballero,100,36,40000,G,chelsea,72,0,2,2,180,0,0,0,0,0,0,0,0,0,0,0,0,0
Aaron Wan-Bissaka,100,20,15000,D,crystal palace,49,0,35,35,2430,0,3,1,8,4,1,9,20,2,65,0,0,0
Alexander Sorloth,700,22,20000,F,crystal palace,49,0,12,0,92,0,0,2,4,0,0,2,0,0,2,0,0,0
Andros Townsend,1500,27,55000,M,crystal palace,49,0,38,34,2240,6,4,19,62,1,0,46,8,9,186,43,0,0
Bakary Sako,500,30,55000,M,crystal palace,49,0,4,0,25,0,0,0,0,0,0,0,1,1,1,0,0,0
Cheikhou Kouyate,1200,28,65000,M,crystal palace,49,0,31,21,1609,0,2,8,20,3,0,13,26,3,9,0,0,0
Christian Benteke,2200,27,120000,F,crystal palace,49,0,16,9,486,1,1,9,24,1,0,6,12,10,4,0,0,0
Connor Wickham,500,25,60000,F,crystal palace,49,0,6,0,60,0,0,1,5,0,0,0,3,0,2,0,0,0
James McArthur,600,30,55000,M,crystal palace,49,0,38,36,2303,3,5,8,32,7,0,28,46,2,30,6,0,0
James Tomkins,800,29,50000,D,crystal palace,49,0,29,29,1933,1,1,5,18,6,0,10,12,1,2,0,0,0
Jeffrey Schlupp,900,25,56000,D,crystal palace,49,0,30,18,1156,4,1,10,29,1,0,9,17,0,24,0,0,0
Joel Ward,500,28,35000,D,crystal palace,49,0,7,6,450,1,0,1,2,1,0,5,4,1,11,0,0,0
Jordan Ayew,800,27,32500,F,crystal palace,49,0,20,14,794,1,1,3,25,3,0,17,18,9,23,0,0,0
Julian Speroni,25,39,25000,G,crystal palace,49,0,1,1,90,0,0,0,0,0,0,0,0,0,0,0,0,0
Luka Milivojevic,1500,27,55000,M,crystal palace,49,0,38,38,2610,12,2,23,55,10,0,27,40,0,228,136,10,0
Mamadou Sakho,1500,28,100000,D,crystal palace,49,0,27,27,1608,0,0,0,5,2,0,4,2,0,2,0,0,0
Martin Kelly,300,28,25000,D,crystal palace,49,0,13,12,930,0,0,1,3,2,0,0,4,0,3,0,0,0
Max Meyer,1800,22,125000,M,crystal palace,49,0,29,15,1239,1,2,7,38,3,0,17,9,1,34,17,0,0
Michy Batshuayi,4000,,,F,crystal palace,49,0,11,9,756,5,0,10,24,0,0,4,7,12,4,0,0,0
Patrick van Aanholt,900,27,55000,D,crystal palace,49,0,36,36,2388,3,2,12,44,3,0,7,8,10,85,1,0,0
Scott Dann,500,31,60000,D,crystal palace,49,0,10,7,659,0,1,2,5,1,0,0,4,0,0,0,0,0
Vicente Guaita,500,31,60000,G,crystal palace,49,0,20,20,1755,0,0,0,0,2,0,6,1,0,0,0,0,0
Wayne Hennessey,400,31,40000,G,crystal palace,49,0,18,17,765,0,0,0,0,0,0,1,0,0,0,0,0,0
Wilfried Zaha,3000,25,130000,M,crystal palace,49,0,34,34,2320,10,5,28,74,8,0,79,36,17,88,2,0,0
Ademola Lookman,1200,20,23000,F,everton,54,0,21,3,547,0,2,3,12,0,0,18,8,2,19,6,0,0
Andre Gomes,1500,25,111538,M,everton,54,0,27,24,1904,1,1,6,21,7,0,25,44,0,17,0,0,0
Bernard Anicio Caldeira Duarte,1600,25,120000,M,everton,54,0,34,25,1900,1,3,5,23,5,0,20,14,2,74,4,0,0
Cenk Tosun,2300,27,60000,F,everton,54,0,25,10,556,3,3,17,37,3,0,8,12,9,3,0,0,0
Dominic Calvert-Lewin,1500,21,20000,F,everton,54,0,35,19,1438,6,2,18,49,3,0,23,26,5,18,0,0,0
Gylfi Sigurdsson,3000,28,100000,M,everton,54,0,38,36,2385,13,6,32,84,3,0,25,20,4,215,103,2,2
Idrissa Gueye,2000,28,70000,M,everton,54,0,33,32,2105,0,2,4,19,6,0,26,41,0,21,5,0,0
James McCarthy,800,27,50000,M,everton,54,0,1,0,14,0,0,0,0,0,0,0,0,0,0,0,0,0
Jonjoe Kenny,500,21,15000,D,everton,54,0,10,8,430,0,1,0,3,1,0,0,5,0,25,0,0,0
Jordan Pickford,3000,24,100000,G,everton,54,0,38,38,2610,0,0,0,0,1,0,2,1,0,0,0,0,0
Kurt Zouma,1500,23,40000,D,everton,54,0,32,29,2070,2,1,4,19,3,0,16,13,2,4,0,0,0
Leighton Baines,800,33,70000,D,everton,54,0,6,5,92,0,0,1,2,0,0,0,1,1,17,9,0,0
Lucas Digne,1500,25,90000,D,everton,54,0,35,33,2435,4,4,10,34,5,1,22,31,2,296,83,0,0
Mason Holgate,700,21,25000,D,everton,54,0,5,4,407,0,0,0,0,1,0,0,0,0,0,0,0,0
Michael Keane,2000,25,60000,D,everton,54,0,33,33,2341,1,1,9,32,2,0,7,22,0,3,0,0,0
Morgan Schneiderlin,2000,28,100000,M,everton,54,0,14,10,585,0,1,0,2,2,0,3,13,0,2,0,0,0
Phil Jagielka,150,36,50000,D,everton,54,0,7,4,289,1,0,1,1,0,1,3,1,0,0,0,0,0
Richarlison,2500,21,90000,F,everton,54,0,35,32,2108,13,1,28,79,5,1,57,27,17,62,0,0,0
Seamus Coleman,1200,29,70000,D,everton,54,0,29,29,2113,2,2,7,14,1,0,12,18,3,107,1,0,0
Theo Walcott,2000,29,100000,F,everton,54,0,37,24,1389,5,2,21,43,1,0,15,7,19,64,2,0,0
Tom Davies,1500,20,25000,M,everton,54,0,16,10,478,0,0,2,7,3,0,11,12,1,6,1,0,0
Yerry Mina,900,23,120000,D,everton,54,0,13,10,890,1,0,1,4,3,0,5,12,1,1,1,0,0
Aboubakar Kamara,400,24,12500,F,fulham,26,0,13,5,537,3,0,9,20,2,0,4,19,7,22,0,1,1
Aleksandar Mitrovic,1500,24,60000,F,fulham,26,0,37,37,2471,11,3,49,131,7,0,46,47,34,8,0,1,0
Alfie Mawson,1500,25,32000,D,fulham,26,0,15,13,860,0,0,1,2,2,0,4,4,0,5,0,0,0
Andre Schurrle,1500,28,104000,M,fulham,26,0,24,21,961,6,0,19,53,2,0,5,9,12,53,2,0,0
Andre Zambo Anguissa,1800,23,67000,M,fulham,26,0,22,16,1130,0,0,5,20,1,0,13,16,2,6,2,0,0
Calum Chambers,1400,23,50000,D,fulham,26,0,31,29,2250,2,0,12,32,9,0,4,27,0,17,1,0,0
Cyrus Christie,300,26,20000,D,fulham,26,0,28,19,1588,0,1,2,11,7,0,13,24,2,102,0,0,0
Denis Odoi,100,31,8900,D,fulham,26,0,31,29,2009,0,1,1,9,4,0,23,28,0,16,1,0,0
Fabricio,400,30,45000,G,fulham,26,0,2,2,180,0,0,0,0,0,0,0,0,0,0,0,0,0
Floyd Ayite,300,30,8000,F,fulham,26,0,16,3,363,1,0,1,7,0,0,5,6,4,11,1,0,0
Harvey Elliott,,15,,F,fulham,26,0,2,0,18,0,0,1,1,0,0,0,0,0,1,0,0,0
Havard Nordtveit,400,28,30000,D,fulham,26,0,5,4,362,0,0,0,0,0,0,1,5,0,0,0,0,0
Ibrahima Cisse,150,25,12500,M,fulham,26,0,3,1,87,0,0,0,0,0,0,0,1,0,0,0,0,0
Joe Bryan,500,25,30000,D,fulham,26,0,28,27,2031,0,1,7,22,5,0,24,22,2,129,14,0,0
Kevin McDonald,400,20,22000,M,fulham,26,0,15,10,318,0,0,0,3,4,0,2,7,0,3,0,0,0
Lazar Markovic,800,24,75000,M,fulham,26,0,1,0,45,0,0,0,0,0,0,0,1,0,0,0,0,0
Luciano Vietto,600,24,55000,F,fulham,26,0,20,10,488,1,4,7,22,1,0,7,9,0,26,0,0,0
Marcus Bettinelli,200,27,35000,G,fulham,26,0,7,7,1,0,0,0,0,1,0,0,0,0,0,0,0,0
Maxime Le Marchand,400,28,25000,D,fulham,26,0,26,25,1712,0,1,0,6,5,0,4,21,2,19,0,0,0
Michael Seri,3000,27,65000,M,fulham,26,0,32,27,1519,1,2,6,18,6,0,15,26,1,120,87,0,0
Neeskens Kebano,350,27,13462,M,fulham,26,0,7,0,101,0,0,0,1,0,0,1,0,0,2,0,0,0
Ryan Babel,600,,,F,fulham,26,0,16,15,1262,5,3,9,24,3,0,16,15,9,45,15,0,0
Ryan Sessegnon,2500,18,8000,M,fulham,26,0,35,26,1650,2,7,12,31,0,0,11,16,15,93,28,0,0
Sergio Rico,1200,26,40000,G,fulham,26,0,29,29,2610,0,0,0,0,1,0,6,1,0,0,0,0,0
Stefan Johansen,450,28,10000,M,fulham,26,0,12,4,127,0,0,0,1,4,0,1,2,0,12,5,0,0
Tim Ream,300,31,27000,D,fulham,26,0,26,25,1815,0,0,0,1,1,0,6,11,0,3,0,0,0
Timothy Fosu-Mensah,700,20,20000,D,fulham,26,0,12,10,426,0,0,0,3,3,0,1,3,0,25,0,0,0
Tom Cairney,1500,28,40000,M,fulham,26,0,31,24,1931,1,1,5,23,0,0,33,7,0,39,5,0,0
Aaron Mooy,1000,28,50000,M,huddersfield,16,0,29,25,1607,3,1,13,42,4,0,11,22,1,152,74,1,0
Aaron Rowe,,18,,M,huddersfield,16,0,2,1,69,0,0,0,0,0,0,0,2,0,0,0,0,0
Abdelhamid Sabiri,100,22,18000,M,huddersfield,16,0,2,1,3,0,0,0,0,0,0,1,0,0,0,0,0,0
Adama Diakhaby,500,22,30000,F,huddersfield,16,0,12,6,320,0,0,3,7,1,0,5,2,2,16,0,0,0
Alex Pritchard,1000,25,110577,M,huddersfield,16,0,30,26,1701,2,0,15,49,2,0,48,12,7,90,22,0,0
Ben Hamer,,31,12000,G,huddersfield,16,0,7,7,360,0,0,0,0,0,0,0,0,0,1,0,0,0
Chris Lowe,150,29,20000,D,huddersfield,16,0,29,23,1361,0,2,6,19,2,0,7,10,2,138,32,0,0
Christopher Schindler,600,28,25000,D,huddersfield,16,0,37,37,2470,1,0,4,13,4,0,15,20,0,0,0,0,0
Collin Quaner,150,27,16000,F,huddersfield,16,0,2,0,37,0,0,0,0,0,0,0,2,1,0,0,0,0
Danny Williams,200,29,30000,M,huddersfield,16,0,5,1,93,0,0,0,1,1,0,0,3,0,1,0,0,0
Demeaco Duhaney,,,,D,huddersfield,16,0,1,1,45,0,0,0,0,0,0,1,0,0,1,0,0,0
Elias Kachunga,350,26,25000,F,huddersfield,16,0,20,13,1026,0,0,4,15,2,0,16,19,9,18,0,0,0
Erik Durm,100,26,35000,D,huddersfield,16,0,28,21,1677,0,1,0,10,0,0,17,10,1,77,0,0,0
Florent Hadergjonaj,500,24,23000,D,huddersfield,16,0,24,19,1270,0,0,2,6,1,0,11,5,2,88,0,0,0
Isaac Mbenza,350,22,9300,F,huddersfield,16,0,22,10,876,1,1,5,16,1,0,5,7,4,36,5,0,0
Joel Coleman,50,23,10000,G,huddersfield,16,0,1,1,90,0,0,0,0,0,0,0,0,0,0,0,0,0
Jon Stankovic,50,22,7000,D,huddersfield,16,0,11,9,627,1,0,2,9,2,0,8,8,0,2,0,0,0
Jonas Lossl,500,29,5000,G,huddersfield,16,0,31,30,2160,0,1,0,0,1,0,2,0,0,1,0,0,0
Jonathan Hogg,350,30,23000,M,huddersfield,16,0,29,29,1954,0,1,1,8,8,1,32,46,1,25,2,0,0
Juninho Bacuna,150,21,17000,F,huddersfield,16,0,21,16,1415,1,0,8,19,4,0,23,34,1,43,18,0,0
Karlan Ahearne-Grant,,21,,F,huddersfield,16,0,13,9,875,3,0,10,19,0,0,11,7,4,17,0,0,0
Laurent Depoitre,450,30,35000,F,huddersfield,16,0,23,10,619,0,1,9,29,1,0,7,10,7,4,0,0,0
Mathias Jorgensen,,28,33000,D,huddersfield,16,0,24,24,1440,3,1,4,9,6,0,8,20,0,7,0,0,0
Matty Daly,,,,M,huddersfield,16,0,2,0,73,0,0,0,0,0,0,0,0,0,0,0,0,0
Philip Billing,250,22,15000,M,huddersfield,16,0,27,25,1401,2,0,9,40,7,0,20,24,2,64,3,0,0
Rajiv van La Parra,400,27,18000,M,huddersfield,16,0,5,5,408,0,0,0,5,0,0,0,0,0,7,0,0,0
Ramadan Sobhi,700,21,27000,F,huddersfield,16,0,4,0,69,0,0,0,0,0,0,1,0,0,4,0,0,0
Steve Mounie,1000,24,35000,F,huddersfield,16,0,31,19,1287,2,3,21,61,1,1,9,21,16,10,1,0,0
Terence Kongolo,1000,24,35000,D,huddersfield,16,0,32,32,2171,1,0,4,15,4,0,18,16,2,28,0,0,0
Tom Smith,300,26,20000,D,huddersfield,16,0,15,13,1052,0,0,0,3,2,1,4,10,0,27,0,0,0
Adrien Silva,2000,29,80000,M,leicester city,52,0,2,1,88,0,0,0,0,0,0,0,0,0,1,0,0,0
Ben Chilwell,800,21,65000,D,leicester city,52,0,36,36,2430,0,4,11,22,4,0,33,27,2,168,4,0,0
Caglar Soyuncu,1800,22,45000,D,leicester city,52,0,6,4,371,0,0,0,2,1,0,2,9,0,1,0,0,0
Christian Fuchs,500,32,50000,D,leicester city,52,0,3,2,206,0,0,0,2,0,0,2,3,0,19,0,0,0
Daniel Amartey,500,23,21000,M,leicester city,52,0,9,7,90,0,0,1,4,2,0,0,0,1,4,0,0,0
Danny Simpson,500,31,45000,D,leicester city,52,0,6,3,291,0,0,0,0,0,0,0,2,0,4,0,0,0
Demarai Gray,2000,22,55000,M,leicester city,52,0,34,23,1553,4,1,18,47,2,0,11,9,3,70,9,0,0
Fousseni Diabate,300,22,15000,F,leicester city,52,0,1,1,55,0,0,0,0,0,0,1,0,1,2,0,0,0
Hamza Choudhury,100,21,8000,M,leicester city,52,0,9,7,596,0,0,2,4,0,0,2,8,0,3,0,0,0
Harry Maguire,2500,25,90000,D,leicester city,52,0,31,31,1789,3,0,12,29,6,1,9,14,4,3,0,0,0
Harvey Barnes,25,21,10000,M,leicester city,52,0,16,11,1010,1,2,11,40,0,0,7,6,2,41,0,0,0
James Maddison,1000,,55000,M,leicester city,52,0,36,35,2127,7,7,28,84,3,0,50,19,2,231,162,0,1
Jamie Vardy,2000,31,140000,F,leicester city,52,0,34,30,2215,18,4,39,77,3,1,15,15,37,34,0,3,1
Jonny Evans,1500,30,80000,D,leicester city,52,0,24,21,1719,1,0,3,9,2,0,14,20,0,2,0,0,0
Kasper Schmeichel,1000,31,130000,G,leicester city,52,0,38,38,2610,0,0,0,1,3,0,3,0,0,2,0,0,0
Kelechi Iheanacho,1500,21,60000,F,leicester city,52,0,30,9,408,1,2,6,17,2,0,3,7,8,8,0,0,0
Marc Albrighton,1000,28,45000,M,leicester city,52,0,27,18,1372,2,2,7,19,3,0,18,9,2,140,12,0,0
Nampalys Mendy,500,26,50000,M,leicester city,52,0,31,23,1368,0,0,0,2,5,0,20,16,0,7,0,0,0
Rachid Ghezzal,400,26,45000,M,leicester city,52,0,19,8,469,1,0,5,19,3,0,6,6,0,50,21,0,0
Ricardo Pereira,2000,24,70000,D,leicester city,52,0,35,35,2430,2,6,11,27,7,0,43,30,2,125,0,0,0
Shinji Okazaki,600,26,90000,F,leicester city,52,0,21,1,228,0,1,3,4,0,0,4,6,4,2,0,0,0
Vicente Iborra,1000,30,55000,M,leicester city,52,0,8,3,211,0,0,1,2,0,0,2,5,0,2,0,0,0
Wes Morgan,300,34,60000,D,leicester city,52,0,22,21,1434,3,0,5,12,1,0,6,9,3,0,0,0,0
Wilfred Ndidi,2500,,,M,leicester city,52,0,38,37,2488,2,0,9,55,8,0,19,31,2,17,1,0,0
Youri Tielemans,2000,21,33038,M,leicester city,52,0,13,13,1092,3,4,13,32,2,0,15,9,0,15,1,0,0
Adam Lallana,2500,30,110000,M,liverpool,97,6,13,5,392,0,0,3,5,1,0,6,2,0,16,3,0,0
Alberto Moreno,1000,26,65000,D,liverpool,97,6,2,2,156,0,0,0,1,0,0,0,1,0,6,0,0,0
Alex Oxlade-Chamberlain,4000,25,120000,M,liverpool,97,6,2,0,19,0,0,1,1,0,0,1,0,0,0,0,0,0
Alisson,6000,25,90000,G,liverpool,97,6,38,38,2610,0,0,0,0,1,0,0,0,0,0,0,0,0
Andy Robertson,2500,24,50000,D,liverpool,97,6,36,36,2409,0,10,5,17,4,0,13,16,1,187,5,0,0
Daniel Sturridge,1500,28,130000,F,liverpool,97,6,18,4,364,2,1,6,18,1,0,6,3,4,7,0,0,0
Dejan Lovren,2000,29,100000,D,liverpool,97,6,13,11,805,1,0,1,6,1,0,9,3,0,4,0,0,0
Divock Origi,1000,23,45000,F,liverpool,97,6,12,4,366,3,1,7,14,0,0,5,2,3,11,0,0,0
Fabinho,4500,24,100000,M,liverpool,97,6,28,21,1992,1,2,4,17,6,0,29,29,0,16,0,0,0
Georginio Wijnaldum,3000,27,75000,M,liverpool,97,6,35,32,1992,3,0,9,30,3,0,21,9,2,23,8,0,0
James Milner,1500,32,140000,M,liverpool,97,6,31,19,1122,5,4,7,24,5,0,19,15,0,160,91,2,0
Joe Gomez,2200,21,30000,D,liverpool,97,6,16,12,305,0,0,1,4,2,0,2,6,0,9,0,0,0
Joel Matip,2500,27,100000,D,liverpool,97,6,22,17,1440,1,0,2,8,3,0,13,12,0,1,0,0,0
Jordan Henderson,2500,28,140000,M,liverpool,97,6,32,21,1524,1,2,1,17,1,0,11,22,1,54,1,0,0
Mohamed Salah,15000,26,200000,F,liverpool,97,6,38,37,2497,22,7,66,139,1,0,23,19,27,98,34,3,0
Naby Keita,6500,23,120000,M,liverpool,97,6,25,16,955,2,1,10,27,0,0,12,19,0,14,2,0,0
Roberto Firmino,8000,26,180000,F,liverpool,97,6,34,31,1942,12,7,36,74,0,0,9,24,7,25,1,1,0
Sadio Mane,7000,26,100000,F,liverpool,97,6,36,35,2384,22,1,43,87,2,0,49,22,24,71,2,0,0
Trent Alexander-Arnold,2500,19,50000,D,liverpool,97,6,29,27,1839,1,12,10,29,3,0,5,7,4,245,74,0,0
Virgil van Dijk,5000,27,180000,D,liverpool,97,6,38,38,2610,4,2,8,30,1,0,16,3,1,6,0,0,0
Xherdan Shaqiri,1800,26,80000,M,liverpool,97,6,24,11,870,6,3,10,25,2,0,11,6,2,61,28,0,0
Aymeric Laporte,5000,24,65000,D,manchester city,98,3,35,34,2247,3,3,7,26,3,0,12,15,2,10,0,0,0
Benjamin Mendy,4000,24,90000,D,manchester city,98,3,10,10,360,0,4,3,7,1,0,1,7,0,60,0,0,0
Bernardo Silva,5000,24,120000,M,manchester city,98,3,36,31,2161,7,7,23,61,3,0,14,24,2,105,25,0,0
Danilo Luiz da Silva,2000,27,80000,D,manchester city,98,3,11,9,806,1,0,4,14,1,0,7,9,0,18,0,0,0
David Silva,3000,32,220000,M,manchester city,98,3,33,28,1823,6,8,19,52,2,0,18,19,5,116,21,0,0
Ederson,5000,25,65000,G,manchester city,98,3,38,38,2610,0,1,0,0,2,0,2,2,0,0,0,0,0
Fabian Delph,1500,28,90000,D,manchester city,98,3,11,8,567,0,1,3,4,1,1,7,5,0,15,0,0,0
Fernandinho,1500,33,150000,M,manchester city,98,3,29,27,1587,1,3,7,30,5,0,22,27,2,22,1,0,0
Gabriel Jesus,8000,21,90000,F,manchester city,98,3,29,8,724,7,3,24,43,1,0,11,9,14,11,0,1,0
Ilkay Gundogan,4000,27,120000,M,manchester city,98,3,31,23,1781,6,3,11,43,3,0,20,12,0,127,82,0,0
John Stones,5000,24,100000,D,manchester city,98,3,24,20,1296,0,0,1,5,1,0,7,3,1,3,0,0,0
Kevin De Bruyne,15000,27,350000,M,manchester city,98,3,19,11,913,2,2,13,32,2,0,14,8,1,119,52,0,0
Kyle Walker,5000,28,100000,D,manchester city,98,3,33,30,2147,1,1,4,21,3,0,10,14,4,80,1,0,0
Leroy Sane,9000,22,90000,M,manchester city,98,3,31,21,1480,10,10,24,56,1,0,9,8,18,138,52,0,0
Nicolas Otamendi,3500,30,120000,D,manchester city,98,3,18,14,962,0,0,2,14,1,0,2,6,0,3,0,0,0
Olexandr Zinchenko,700,21,20000,M,manchester city,98,3,14,14,1063,0,3,1,7,1,0,4,13,1,46,0,0,0
Philip Foden,700,,,F,manchester city,98,3,13,3,282,1,0,6,14,0,0,3,3,0,10,2,0,0
Raheem Sterling,9000,23,180000,F,manchester city,98,3,34,31,2187,17,9,39,78,3,0,30,36,13,133,19,0,0
Riyad Mahrez,5000,27,120000,M,manchester city,98,3,27,14,927,7,4,26,53,0,0,12,4,9,100,43,0,0
Sergio Aguero,8000,30,250000,F,manchester city,98,3,33,31,1833,21,8,43,121,4,0,19,19,26,29,0,2,0
Vincent Kompany,1000,32,120000,D,manchester city,98,3,17,13,952,1,0,1,7,6,0,1,13,1,2,0,0,0
Alexis Sanchez,7000,29,350000,F,manchester united,66,3,20,9,516,1,3,9,19,3,0,10,8,8,41,5,0,0
Ander Herrera,3000,29,115000,M,manchester united,66,3,22,16,1319,2,3,9,20,4,0,17,22,0,10,2,0,0
Andreas Pereira,600,22,30000,M,manchester united,66,3,15,6,439,1,1,3,9,5,0,3,7,1,14,5,0,0
Angel Gomes,,18,,M,manchester united,66,3,2,0,25,0,0,1,2,0,0,0,0,0,0,1,0,0
Anthony Martial,6500,22,110000,F,manchester united,66,3,27,18,1272,10,2,22,39,2,0,24,9,6,60,3,1,0
Antonio Valencia,800,33,85000,D,manchester united,66,3,6,5,106,0,0,0,2,2,0,0,1,0,15,0,0,0
Ashley Young,700,33,120000,D,manchester united,66,3,30,28,2119,2,2,4,13,8,0,24,27,4,230,101,0,0
Chris Smalling,1800,28,80000,D,manchester united,66,3,24,24,1498,1,0,4,12,1,0,5,16,2,0,0,0,0
David De Gea,7000,27,200000,G,manchester united,66,3,38,38,2610,0,0,0,0,1,0,4,1,0,0,0,0,0
Diogo Dalot,1500,19,25000,D,manchester united,66,3,16,12,1015,0,2,0,15,3,0,2,11,2,58,3,0,0
Eric Bailly,3500,24,80000,D,manchester united,66,3,12,8,437,0,0,1,3,0,1,4,4,0,2,0,0,0
Fred,3200,25,120000,M,manchester united,66,3,17,13,705,1,1,2,17,2,0,10,17,1,16,3,0,0
Jesse Lingard,3500,25,75000,M,manchester united,66,3,27,19,1313,4,2,15,32,3,0,16,25,7,18,3,1,0
Juan Mata,3000,30,160000,M,manchester united,66,3,22,16,966,3,2,6,19,3,0,9,8,8,92,37,0,0
Luke Shaw,1500,23,150000,D,manchester united,66,3,29,29,1872,1,4,8,23,11,0,11,30,1,80,15,0,0
Marcos Rojo,1800,28,80000,D,manchester united,66,3,5,2,211,0,0,3,6,2,0,1,3,0,3,0,0,0
Marcus Rashford,6500,20,45000,F,manchester united,66,3,33,26,2037,10,5,39,84,3,1,45,21,15,68,21,0,0
Marouane Fellaini,1200,30,100000,M,manchester united,66,3,14,6,276,0,1,3,9,1,0,5,9,2,7,0,0,0
Mason Greenwood,,,,F,manchester united,66,3,3,1,115,0,0,4,7,0,0,1,0,2,4,1,0,0
Matteo Darmian,1000,28,45000,D,manchester united,66,3,6,5,353,0,0,1,1,0,0,4,2,1,7,0,0,0
Nemanja Matic,4000,30,120000,M,manchester united,66,3,28,28,1931,1,0,2,12,6,0,17,24,1,13,0,0,0
Paul Pogba,9000,25,290000,M,manchester united,66,3,35,34,2226,13,9,47,101,6,0,47,38,5,58,0,5,2
Phil Jones,2000,26,75000,D,manchester united,66,3,18,15,1203,0,0,2,5,1,0,10,7,0,3,0,0,0
Romelu Lukaku,9000,25,180000,F,manchester united,66,3,32,22,1387,12,0,32,57,4,0,3,10,23,58,0,0,0
Scott McTominay,700,21,10000,M,manchester united,66,3,16,9,706,2,0,6,16,1,0,15,10,1,4,0,0,0
Tahith Chong,,,,F,manchester united,66,3,2,0,36,0,0,1,1,0,0,2,0,0,0,0,0,0
Victor Lindelof,2500,24,120000,D,manchester united,66,3,30,29,1972,1,1,1,7,1,0,9,13,0,1,0,0,0
Antonio Barreca,350,,,D,newcastle,45,0,1,0,4,0,0,0,0,0,0,0,0,0,1,0,0,0
Ayoze Perez,1000,25,45000,F,newcastle,45,0,37,34,2258,12,2,26,54,2,0,27,30,9,36,1,0,0
Christian Atsu,600,26,30000,M,newcastle,45,0,28,15,1311,1,0,13,27,2,0,23,13,4,46,3,0,0
Ciaran Clark,600,28,35000,D,newcastle,45,0,11,9,372,3,0,3,7,1,0,2,3,0,2,0,0,0
DeAndre Yedlin,800,25,30000,D,newcastle,45,0,29,28,1765,1,2,3,10,6,1,8,28,5,87,0,0,0
Fabian Schar,300,26,40000,D,newcastle,45,0,24,22,1925,4,1,8,26,12,0,19,24,1,15,0,0,0
Federico Fernandez,800,29,43000,D,newcastle,45,0,19,17,942,0,1,1,3,2,0,3,8,1,4,0,0,0
Florian Lejeune,800,27,38000,D,newcastle,45,0,12,12,1055,0,0,4,7,0,0,4,11,0,9,0,0,0
Isaac Hayden,700,23,22000,M,newcastle,45,0,25,21,1752,1,4,6,20,3,1,10,26,0,17,0,0,0
Jacob Murphy,700,23,25000,M,newcastle,45,0,9,3,81,0,1,2,3,0,0,1,1,1,17,0,0,0
Jamaal Lascelles,1500,24,40000,D,newcastle,45,0,32,32,2070,0,1,1,10,4,0,4,12,0,2,0,0,0
Javi Manquillo,500,24,35000,D,newcastle,45,0,18,12,952,0,3,1,2,2,0,7,11,1,31,1,0,0
Jonjo Shelvey,1500,26,70000,M,newcastle,45,0,16,10,404,1,1,7,22,1,0,2,8,0,61,31,0,0
Joselu,400,28,40000,F,newcastle,45,0,16,5,150,2,0,6,16,1,0,1,2,4,2,0,0,0
Kenedy,1000,22,25000,M,newcastle,45,0,25,14,751,1,1,5,29,1,0,10,9,6,33,5,0,0
Ki Sung-yueng,700,29,40000,M,newcastle,45,0,18,14,1121,0,1,2,7,2,0,14,9,0,65,36,0,0
Martin Dubravka,400,29,38000,G,newcastle,45,0,38,38,2610,0,0,0,0,1,0,4,0,0,1,2,0,0
Matt Ritchie,1200,28,45000,M,newcastle,45,0,36,35,2315,2,8,9,39,9,0,22,40,1,272,99,1,1
Miguel Almiron,1000,25,42327,M,newcastle,45,0,10,9,762,0,0,8,21,0,0,17,7,4,24,1,0,0
Mohamed Diame,500,31,45000,M,newcastle,45,0,29,24,1357,0,0,4,21,3,0,14,20,0,18,1,0,0
Paul Dummett,350,26,35000,D,newcastle,45,0,26,21,1357,0,0,1,9,1,0,9,10,1,33,1,0,0
Salomon Rondon,1300,28,60000,F,newcastle,45,0,32,30,2397,11,7,31,89,1,0,26,19,19,27,0,0,0
Sean Longstaff,,,,M,newcastle,45,0,9,8,687,1,0,2,8,2,0,8,8,0,3,0,0,0
Yoshinori Muto,600,26,54000,F,newcastle,45,0,17,5,279,1,0,3,6,1,0,4,9,2,7,0,0,0
Alex McCarthy,250,28,50000,G,southampton,39,0,25,25,1440,0,0,0,0,1,0,3,0,0,0,0,0,0
Angus Gunn,200,22,40000,G,southampton,39,0,12,12,1080,0,0,0,0,0,0,2,0,0,0,0,0,0
Callum Slattery,,,,M,southampton,39,0,3,1,110,0,0,0,2,0,0,3,4,0,1,0,0,0
Cedric Soares,1500,26,65000,D,southampton,39,0,18,16,718,1,2,3,10,4,0,2,5,1,70,0,0,0
Charlie Austin,1000,29,70000,F,southampton,39,0,25,11,635,2,2,7,30,1,0,12,11,8,2,0,0,0
Danny Ings,800,26,75000,F,southampton,39,0,24,23,1054,7,2,21,54,1,0,14,8,6,20,1,2,0
Fraser Forster,,30,70000,G,southampton,39,0,1,1,90,0,0,0,0,0,0,0,0,0,0,0,0,0
Jack Stephens,800,24,48000,D,southampton,39,0,24,19,1427,1,0,5,7,4,0,5,10,0,6,0,0,0
James Ward Prowse,1800,23,45000,M,southampton,39,0,26,21,1843,7,0,15,31,4,0,10,21,3,151,90,1,0
Jan Bednarek,500,22,20000,D,southampton,39,0,25,24,2070,0,1,2,6,7,0,6,22,0,1,0,0,0
Jannik Vestergaard,1400,26,60000,D,southampton,39,0,23,23,1490,0,0,2,14,2,0,7,9,1,1,0,0,0
Josh Sims,,21,18000,M,southampton,39,0,7,2,210,0,1,1,5,0,0,5,1,1,3,0,0,0
Kayne Ramsay,,,,D,southampton,39,0,1,1,90,0,0,0,0,0,0,0,0,0,0,0,0,0
Manolo Gabbiadini,1200,26,80000,F,southampton,39,0,12,4,318,1,0,8,19,0,0,4,5,1,3,0,0,0
Mario Lemina,1500,24,65000,M,southampton,39,0,21,18,829,1,1,5,24,5,0,18,17,1,18,0,0,0
Matt Targett,300,22,35000,D,southampton,39,0,16,13,1115,1,3,3,11,2,0,11,5,0,92,20,0,0
Maya Yoshida,700,30,50000,D,southampton,39,0,17,17,1430,0,1,3,13,0,0,7,4,2,4,0,0,0
Michael Obafemi,,,,F,southampton,39,0,6,1,135,1,1,2,6,1,0,3,3,1,2,0,0,0
Mohamed Elyounoussi,850,24,60000,M,southampton,39,0,16,8,367,0,0,5,18,0,0,5,7,2,52,24,0,0
Nathan Redmond,1800,24,60000,M,southampton,39,0,38,36,2467,6,4,21,75,3,0,21,24,15,117,10,0,0
Oriol Romeu,1200,26,65000,M,southampton,39,0,31,25,1854,1,0,4,10,11,0,17,38,0,10,0,0,0
Pierre Hojbjerg,1000,23,50000,M,southampton,39,0,31,31,2147,4,3,19,51,7,1,32,35,0,38,3,0,0
Ryan Bertrand,2000,29,70000,D,southampton,39,0,24,24,1350,1,0,2,15,8,0,15,15,0,104,32,0,0
Sam Gallagher,300,22,40000,F,southampton,39,0,4,0,29,0,0,0,0,0,0,1,4,0,0,0,0,0
Shane Long,700,32,35000,F,southampton,39,0,26,12,910,5,1,9,31,3,0,19,18,12,17,1,0,0
Steven Davis,400,33,60000,M,southampton,39,0,3,1,90,0,1,0,0,0,0,0,1,0,2,0,0,0
Stuart Armstrong,200,26,50000,M,southampton,39,0,29,16,1288,3,2,13,32,2,0,19,14,4,31,12,0,0
Wesley Hoedt,1500,24,60000,D,southampton,39,0,13,13,360,0,0,1,6,2,0,5,5,0,3,0,0,0
Yann Valery,,23,120000,D,southampton,39,0,23,20,1714,2,1,5,6,3,0,5,27,2,58,0,0,0
Ben Davies,2500,25,60000,D,tottenham,71,5,27,20,1470,0,0,1,14,2,0,12,12,0,53,4,0,0
Christian Eriksen,8000,26,75000,M,tottenham,71,5,35,30,2231,8,12,33,86,3,0,11,13,3,158,71,0,0
Danny Rose,3000,28,60000,D,tottenham,71,5,26,20,1358,0,3,2,15,5,0,35,18,1,104,19,0,0
Davinson Sanchez,4000,22,65000,D,tottenham,71,5,23,22,1430,1,1,3,12,2,0,10,17,0,0,0,0,0
Dele Alli,10000,22,100000,M,tottenham,71,5,25,22,1470,5,2,19,40,4,0,15,19,3,30,2,0,0
Eric Dier,4000,24,60000,M,tottenham,71,5,20,18,815,3,0,3,9,4,0,3,13,0,9,1,0,0
Erik Lamela,2000,26,80000,F,tottenham,71,5,19,9,809,4,2,12,30,2,0,11,17,1,41,20,0,0
Fernando Llorente,700,33,75000,F,tottenham,71,5,20,6,670,1,3,5,23,2,0,6,11,5,3,0,0,0
Georges-Kevin Nkoudou,700,23,35000,M,tottenham,71,5,1,0,4,0,1,0,0,0,0,1,0,0,2,0,0,0
Harry Kane,15000,25,200000,F,tottenham,71,5,28,27,1623,17,4,50,103,5,0,35,22,10,26,0,2,0
Harry Winks,1500,22,50000,M,tottenham,71,5,26,17,1288,1,0,2,9,4,0,11,11,2,12,1,0,0
Hugo Lloris,2500,31,100000,G,tottenham,71,5,33,33,2520,0,0,0,0,0,0,2,0,0,0,0,0,0
Jan Vertonghen,3200,31,100000,D,tottenham,71,5,22,22,1328,1,0,2,15,3,0,6,9,1,34,0,0,0
Juan Foyth,500,20,21500,D,tottenham,71,5,12,10,889,1,0,1,4,3,1,9,16,0,5,0,0,0
Kieran Trippier,2000,27,65000,D,tottenham,71,5,27,26,1572,1,3,3,8,2,0,16,13,5,212,70,0,0
Kyle Walker-Peters,300,21,20000,D,tottenham,71,5,6,4,374,0,3,0,1,1,0,10,4,1,7,0,0,0
Lucas Moura,2800,26,80000,M,tottenham,71,5,32,25,1352,10,0,19,45,3,0,34,12,14,42,1,0,0
Michel Vorm,250,34,40000,G,tottenham,71,5,2,2,180,0,0,0,0,0,0,0,0,0,0,0,0,0
Mousa Dembele,1800,31,55000,M,tottenham,71,5,10,7,82,0,0,0,1,1,0,0,3,0,1,0,0,0
Moussa Sissoko,1800,29,80000,M,tottenham,71,5,29,27,2072,0,3,3,15,2,0,18,22,4,46,0,0,0
Oliver Skipp,,,,M,tottenham,71,5,8,2,215,0,0,0,2,0,0,3,3,0,0,0,0,0
Paulo Gazzaniga,100,26,20000,G,tottenham,71,5,3,3,90,0,0,0,0,0,0,0,0,0,0,0,0,0
Serge Aurier,2000,25,70000,D,tottenham,71,5,8,6,459,0,2,1,4,1,0,1,13,1,28,0,0,0
Son Heung-min,5000,26,140000,F,tottenham,71,5,31,23,1790,12,6,29,73,2,1,14,10,20,44,5,0,0
Toby Alderweireld,4000,29,80000,D,tottenham,71,5,34,33,2213,0,0,6,17,3,0,2,5,1,13,0,0,0
Victor Wanyama,3000,27,65000,M,tottenham,71,5,13,4,455,1,0,2,7,2,0,7,7,0,3,0,0,0
Vincent Janssen,900,24,34000,F,tottenham,71,5,3,0,36,0,0,2,3,0,0,0,2,1,1,0,0,0
Abdoulaye Doucoure,1500,25,70000,M,watford,50,0,35,34,2252,5,4,17,49,7,0,15,27,2,24,2,0,0
Adam Masina,700,24,28000,D,watford,50,0,14,11,907,0,0,0,3,5,0,7,16,0,33,18,0,0
Adrian Mariappa,150,31,15000,D,watford,50,0,26,20,1796,0,0,1,8,3,0,4,18,0,3,0,0,0
Andre Gray,1500,27,70000,F,watford,50,0,29,13,756,7,2,17,35,2,0,2,7,17,22,0,0,0
Ben Foster,300,35,30000,G,watford,50,0,38,38,2610,0,0,1,3,1,0,9,2,0,1,2,0,0
Ben Wilmot,,18,5000,D,watford,50,0,2,0,24,0,0,0,0,0,0,0,0,0,0,0,0,0
Christian Kabasele,500,27,30000,D,watford,50,0,21,19,925,0,0,1,7,2,0,9,13,0,2,0,0,0
Craig Cathcart,350,29,23077,D,watford,50,0,36,35,2290,3,0,5,11,2,0,6,12,1,5,0,0,0
Daryl Janmaat,600,29,45000,D,watford,50,0,18,17,1001,0,2,1,9,3,0,1,8,1,72,0,0,0
Domingos Quina,,18,8000,M,watford,50,0,8,3,335,1,0,1,5,0,0,5,6,0,6,0,0,0
Etienne Capoue,800,30,40000,M,watford,50,0,33,33,2138,1,2,3,15,14,1,45,33,0,14,3,0,0
Gerard Deulofeu,1400,24,60000,F,watford,50,0,30,26,1995,10,4,22,60,3,0,10,13,35,93,8,0,0
Isaac Success,200,22,30000,F,watford,50,0,30,9,860,1,1,11,25,4,0,40,17,12,19,1,0,0
Jose Holebas,200,34,30000,D,watford,50,0,28,27,1679,3,6,6,18,12,1,8,25,2,218,115,0,0
Ken Sema,100,24,15000,M,watford,50,0,17,9,707,1,2,5,11,1,0,6,12,1,19,3,0,0
Kiko Femenia,500,27,20000,D,watford,50,0,29,22,1811,1,1,2,6,1,0,10,13,3,81,5,0,0
Marc Navarro,200,23,23000,D,watford,50,0,2,1,0,0,0,0,0,0,0,0,0,0,5,0,0,0
Miguel Britos,350,33,25000,D,watford,50,0,3,2,185,0,0,0,0,0,0,1,3,0,1,0,0,0
Nathaniel Chalobah,500,23,35000,M,watford,50,0,9,3,262,0,0,1,2,2,0,3,6,0,1,0,0,0
Roberto Pereyra,1000,27,45000,M,watford,50,0,33,33,2034,6,2,22,57,3,0,21,19,2,66,15,0,0
Stefano Okaka,500,29,35000,F,watford,50,0,2,0,22,0,0,0,2,1,0,1,1,0,0,0,0,0
Tom Cleverley,900,29,50000,M,watford,50,0,13,4,469,1,0,2,4,2,0,4,7,1,4,2,0,0
Troy Deeney,1000,30,65000,F,watford,50,0,32,28,1829,9,5,29,64,4,1,22,29,11,16,1,1,0
Will Hughes,1000,23,30000,M,watford,50,0,32,31,1701,2,4,9,31,5,0,50,34,0,32,4,0,0
Aaron Cresswell,1200,28,50000,D,west ham,52,0,20,18,1410,0,1,1,11,1,0,10,1,1,77,10,0,0
Andriy Yarmolenko,2300,28,115000,F,west ham,52,0,9,5,459,2,0,3,9,2,0,0,0,1,18,0,0,0
Andy Carroll,1000,29,90000,F,west ham,52,0,12,3,455,0,0,6,14,2,0,9,11,3,2,0,0,0
Angelo Ogbonna,900,30,70000,D,west ham,52,0,24,20,1690,1,1,5,14,2,0,7,13,0,1,1,0,0
Arthur Masuaku,700,24,40000,D,west ham,52,0,23,19,1125,0,1,2,5,2,0,3,6,0,46,0,0,0
Ben Johnson,,,,M,west ham,52,0,1,1,63,0,0,0,0,0,0,0,0,0,0,0,0,0
Carlos Sanchez,200,32,50000,M,west ham,52,0,7,2,23,0,0,0,3,0,0,0,0,0,2,0,0,0
Declan Rice,1000,19,3000,M,west ham,52,0,34,34,2509,2,0,5,22,4,0,8,14,1,9,0,0,0
Fabian Balbuena,500,27,40000,D,west ham,52,0,23,23,1204,1,0,2,18,2,0,0,10,0,2,2,0,0
Felipe Anderson,3000,25,85000,M,west ham,52,0,36,36,2320,9,4,24,59,3,0,37,16,5,174,47,0,0
Grady Diangana,,20,2000,M,west ham,52,0,17,6,553,0,1,3,10,0,0,7,4,1,19,1,0,0
Issa Diop,2200,21,67000,D,west ham,52,0,33,33,2340,1,0,5,12,4,0,13,16,3,0,0,0,0
Jack Wilshere,2000,26,100000,M,west ham,52,0,8,4,55,0,1,1,2,2,0,2,1,0,5,2,0,0
Javier Hernandez,,30,140000,F,west ham,52,0,25,14,1164,7,2,16,35,2,0,28,9,12,14,0,0,0
Lucas Perez,750,29,80000,F,west ham,52,0,15,4,381,3,0,3,10,0,0,3,2,3,10,0,0,0
Lukasz Fabianski,500,33,65000,G,west ham,52,0,38,38,2610,0,0,0,0,0,0,5,0,0,0,0,0,0
Manuel Lanzini,2000,25,70000,M,west ham,52,0,10,8,689,1,1,4,11,2,0,6,5,0,15,6,0,0
Mark Noble,700,31,50000,M,west ham,52,0,31,29,1740,5,5,8,17,6,1,25,15,1,31,4,4,0
Marko Arnautovic,2500,29,100000,F,west ham,52,0,28,24,1368,10,4,31,61,3,0,7,21,22,45,0,0,0
Michail Antonio,1500,28,70000,M,west ham,52,0,33,22,1725,6,3,23,63,3,0,37,28,10,64,0,0,0
Pablo Zabaleta,,33,75000,D,west ham,52,0,26,23,1551,0,1,1,7,4,0,22,12,2,62,0,0,0
Pedro Obiang,800,26,55000,M,west ham,52,0,24,12,764,0,1,1,14,0,0,8,11,2,10,1,0,0
Robert Snodgrass,700,30,40000,M,west ham,52,0,33,25,1841,2,5,7,29,10,0,36,30,3,198,112,0,0
Ryan Fredericks,400,25,40000,D,west ham,52,0,15,12,816,1,0,3,5,5,0,8,5,0,30,0,0,0
Samir Nasri,,,,M,west ham,52,0,5,3,245,0,2,0,3,0,0,2,3,3,8,1,0,0
Xande Silva,,,,F,west ham,52,0,1,0,17,0,0,0,1,0,0,0,0,0,1,0,0,0
Adama Traore,800,22,43000,M,wolves,57,0,29,8,703,1,1,7,22,1,0,17,12,7,47,0,0,0
Conor Coady,350,25,15000,D,wolves,57,0,38,38,2610,0,0,0,0,5,0,8,8,0,2,3,0,0
Diogo Jota,1200,21,55000,F,wolves,57,0,33,29,1653,9,5,25,58,11,0,38,26,6,52,0,0,0
Helder Costa,1000,24,32500,F,wolves,57,0,25,16,717,1,2,7,26,3,0,10,13,5,53,6,0,0
Ivan Cavaleiro,1000,24,27885,F,wolves,57,0,23,6,626,3,1,4,12,1,0,5,11,6,63,16,0,0
Joao Moutinho,1000,32,100000,M,wolves,57,0,38,35,2244,1,8,3,19,4,0,28,39,0,211,156,0,0
John Ruddy,300,31,35000,G,wolves,57,0,1,1,90,0,0,0,0,0,0,0,0,0,0,0,0,0
Jonny Castro,,24,36673,D,wolves,57,0,33,32,2032,1,1,7,26,6,0,23,15,5,54,0,0,0
Leander Dendoncker,1700,23,37923,D,wolves,57,0,19,17,1469,2,0,10,17,1,0,13,11,1,13,0,0,0
Leo Bonatini,500,24,35000,F,wolves,57,0,7,0,33,0,1,1,8,0,0,0,0,0,5,0,0,0
Matt Doherty,200,26,10000,D,wolves,57,0,38,35,2375,4,5,18,44,5,0,19,23,4,97,0,0,0
Morgan Gibbs White,,18,1500,M,wolves,57,0,26,5,617,0,1,1,7,1,0,5,7,2,20,10,0,0
Raul Jimenez,1500,27,41000,F,wolves,57,0,38,36,2376,13,7,38,113,4,0,31,30,33,47,0,2,0
Romain Saiss,600,28,22000,D,wolves,57,0,19,12,1128,2,0,5,11,7,0,9,25,0,9,0,0,0
Ruben Neves,1500,21,50000,M,wolves,57,0,35,34,2199,4,3,17,73,8,0,14,22,0,36,2,2,0
Ruben Vinagre,50,19,30000,D,wolves,57,0,17,7,638,0,0,4,6,1,0,8,8,1,46,2,0,0
Rui Patricio,1600,30,100000,G,wolves,57,0,37,37,2520,0,0,0,0,0,0,1,0,0,0,0,0,0
Ryan Bennett,200,28,20000,D,wolves,57,0,34,34,2250,1,0,4,15,12,0,7,20,1,4,0,0,0
Willy Boly,500,27,40000,D,wolves,57,0,36,36,2358,4,0,6,22,2,1,11,25,2,3,0,0,0
